INSERT INTO BB_Models(ModelNumber, ModelName) VALUES('B1','Benzinli 1')
INSERT INTO BB_Models(ModelNumber, ModelName) VALUES('B2','Benzinli 2')
INSERT INTO BB_Models(ModelNumber, ModelName) VALUES('D1','Dizel 1')
INSERT INTO BB_Models(ModelNumber, ModelName) VALUES('D2','Dizel 2')
INSERT INTO BB_Models(ModelNumber, ModelName) VALUES('H1','Hidrojen 1')
INSERT INTO BB_Models(ModelNumber, ModelName) VALUES('H2','Hidrojen 2')
GO
INSERT INTO BB_Area(AreaID,AreaName) VALUES ('F','Fossil')
INSERT INTO BB_Area(AreaID,AreaName) VALUES ('R','Renewable')
GO
INSERT INTO BB_Department(DepartmentID,DepartmentName,AreaID,DepartmentBudget) VALUES (1,'MD1','F',1000000)
INSERT INTO BB_Department(DepartmentID,DepartmentName,AreaID,DepartmentBudget) VALUES (2,'MD2','F',1000000)
INSERT INTO BB_Department(DepartmentID,DepartmentName,AreaID,DepartmentBudget) VALUES (3,'MD3','R',1000000)
GO
INSERT INTO BB_Section(SectionID,SectionName,DepartmentID,ModelNumber) VALUES (1,'MD1.1',1,'B1')
INSERT INTO BB_Section(SectionID,SectionName,DepartmentID,ModelNumber) VALUES (2,'MD1.2',1,'B2')
INSERT INTO BB_Section(SectionID,SectionName,DepartmentID,ModelNumber) VALUES (3,'MD2.1',2,'D1')
INSERT INTO BB_Section(SectionID,SectionName,DepartmentID,ModelNumber) VALUES (4,'MD2.2',2,'D2')
INSERT INTO BB_Section(SectionID,SectionName,DepartmentID,ModelNumber) VALUES (5,'MD3.1',3,'H1')
INSERT INTO BB_Section(SectionID,SectionName,DepartmentID,ModelNumber) VALUES (6,'MD3.2',3,'H2')
GO
INSERT INTO BB_Station(StationID) VALUES (1)
INSERT INTO BB_Station(StationID) VALUES (2)
INSERT INTO BB_Station(StationID) VALUES (3)
INSERT INTO BB_Station(StationID) VALUES (4)
INSERT INTO BB_Station(StationID) VALUES (5)
GO
INSERT INTO BB_Order(OrderID,OrderStatus,OrderDate) VALUES (1,'NOTSENT',GETDATE())
INSERT INTO BB_Order(OrderID,OrderStatus,OrderDate) VALUES (2,'NOTSENT',GETDATE())
GO
INSERT INTO BB_OrderDetail(OrderID,ModelNumber,OrderQuantity) VALUES (1,'B1',5)
GO
INSERT INTO BB_Injector(Injector_ID,ModelNumber,InjectorPrice,InjectorStatus,OrderID) VALUES (1,'B1',0,'GOOD',1)
INSERT INTO BB_Injector(Injector_ID,ModelNumber,InjectorPrice,InjectorStatus,OrderID) VALUES (2,'B1',0,'GOOD',1)
INSERT INTO BB_Injector(Injector_ID,ModelNumber,InjectorPrice,InjectorStatus,OrderID) VALUES (3,'B1',0,'GOOD',1)
INSERT INTO BB_Injector(Injector_ID,ModelNumber,InjectorPrice,InjectorStatus,OrderID) VALUES (4,'B1',0,'GOOD',1)
INSERT INTO BB_Injector(Injector_ID,ModelNumber,InjectorPrice,InjectorStatus,OrderID) VALUES (5,'B1',0,'GOOD',1)
GO
INSERT INTO BB_SubcomponentType(SubcomponentType,SubcomponentCost,StationID) VALUES (1,300,1)
INSERT INTO BB_SubcomponentType(SubcomponentType,SubcomponentCost,StationID) VALUES (2,400,1)
INSERT INTO BB_SubcomponentType(SubcomponentType,SubcomponentCost,StationID) VALUES (3,600,2)
INSERT INTO BB_SubcomponentType(SubcomponentType,SubcomponentCost,StationID) VALUES (4,550,2)
INSERT INTO BB_SubcomponentType(SubcomponentType,SubcomponentCost,StationID) VALUES (5,700,3)
INSERT INTO BB_SubcomponentType(SubcomponentType,SubcomponentCost,StationID) VALUES (6,500,3)
INSERT INTO BB_SubcomponentType(SubcomponentType,SubcomponentCost,StationID) VALUES (7,200,4)
INSERT INTO BB_SubcomponentType(SubcomponentType,SubcomponentCost,StationID) VALUES (8,380,4)
INSERT INTO BB_SubcomponentType(SubcomponentType,SubcomponentCost,StationID) VALUES (9,350,5)
INSERT INTO BB_SubcomponentType(SubcomponentType,SubcomponentCost,StationID) VALUES (10,500,5)
INSERT INTO BB_SubcomponentType(SubcomponentType,SubcomponentCost,StationID) VALUES (11,350,6)
INSERT INTO BB_SubcomponentType(SubcomponentType,SubcomponentCost,StationID) VALUES (12,400,6)
GO
INSERT INTO BB_Subcomponent(SubcomponentID,SubcomponentType) VALUES (1,1)
INSERT INTO BB_Subcomponent(SubcomponentID,SubcomponentType) VALUES (2,1)
INSERT INTO BB_Subcomponent(SubcomponentID,SubcomponentType) VALUES (3,1)
INSERT INTO BB_Subcomponent(SubcomponentID,SubcomponentType) VALUES (4,2)
INSERT INTO BB_Subcomponent(SubcomponentID,SubcomponentType) VALUES (5,2)
INSERT INTO BB_Subcomponent(SubcomponentID,SubcomponentType) VALUES (6,2)
INSERT INTO BB_Subcomponent(SubcomponentID,SubcomponentType) VALUES (7,3)
INSERT INTO BB_Subcomponent(SubcomponentID,SubcomponentType) VALUES (8,3)
INSERT INTO BB_Subcomponent(SubcomponentID,SubcomponentType) VALUES (9,3)
INSERT INTO BB_Subcomponent(SubcomponentID,SubcomponentType) VALUES (10,4)
INSERT INTO BB_Subcomponent(SubcomponentID,SubcomponentType) VALUES (11,4)
INSERT INTO BB_Subcomponent(SubcomponentID,SubcomponentType) VALUES (12,4)
INSERT INTO BB_Subcomponent(SubcomponentID,SubcomponentType) VALUES (13,5)
INSERT INTO BB_Subcomponent(SubcomponentID,SubcomponentType) VALUES (14,5)
INSERT INTO BB_Subcomponent(SubcomponentID,SubcomponentType) VALUES (15,5)
INSERT INTO BB_Subcomponent(SubcomponentID,SubcomponentType) VALUES (16,6)
INSERT INTO BB_Subcomponent(SubcomponentID,SubcomponentType) VALUES (17,6)
INSERT INTO BB_Subcomponent(SubcomponentID,SubcomponentType) VALUES (18,6)
INSERT INTO BB_Subcomponent(SubcomponentID,SubcomponentType) VALUES (19,7)
INSERT INTO BB_Subcomponent(SubcomponentID,SubcomponentType) VALUES (20,7)
INSERT INTO BB_Subcomponent(SubcomponentID,SubcomponentType) VALUES (21,7)
INSERT INTO BB_Subcomponent(SubcomponentID,SubcomponentType) VALUES (22,8)
INSERT INTO BB_Subcomponent(SubcomponentID,SubcomponentType) VALUES (23,8)
INSERT INTO BB_Subcomponent(SubcomponentID,SubcomponentType) VALUES (24,8)
INSERT INTO BB_Subcomponent(SubcomponentID,SubcomponentType) VALUES (25,9)
INSERT INTO BB_Subcomponent(SubcomponentID,SubcomponentType) VALUES (26,9)
INSERT INTO BB_Subcomponent(SubcomponentID,SubcomponentType) VALUES (27,10)
INSERT INTO BB_Subcomponent(SubcomponentID,SubcomponentType) VALUES (28,10)
INSERT INTO BB_Subcomponent(SubcomponentID,SubcomponentType) VALUES (29,4)
INSERT INTO BB_Subcomponent(SubcomponentID,SubcomponentType) VALUES (30,5)
INSERT INTO BB_Subcomponent(SubcomponentID,SubcomponentType) VALUES (31,6)
INSERT INTO BB_Subcomponent(SubcomponentID,SubcomponentType) VALUES (35,7)
GO
INSERT INTO BB_StationProcess(StationID,InjectorID,SubcomponentID,ProcessTime,ProcessStatus) VALUES (1,1,1,'2023-4-1 12:43:10',1)
INSERT INTO BB_StationProcess(StationID,InjectorID,SubcomponentID,ProcessTime,ProcessStatus) VALUES (2,1,2,'2023-4-1 12:43:30',1)
INSERT INTO BB_StationProcess(StationID,InjectorID,SubcomponentID,ProcessTime,ProcessStatus) VALUES (3,1,3,'2023-4-1 12:43:50',1)
INSERT INTO BB_StationProcess(StationID,InjectorID,SubcomponentID,ProcessTime,ProcessStatus) VALUES (4,1,4,'2023-4-1 12:44:10',1)
INSERT INTO BB_StationProcess(StationID,InjectorID,SubcomponentID,ProcessTime,ProcessStatus) VALUES (5,1,5,'2023-4-1 12:44:30',1)