INSERT INTO BB_Models(ModelNumber, ModelName) VALUES('B1','Benzinli 1')
INSERT INTO BB_Models(ModelNumber, ModelName) VALUES('B2','Benzinli 2')
INSERT INTO BB_Models(ModelNumber, ModelName) VALUES('D1','Dizel 1')
INSERT INTO BB_Models(ModelNumber, ModelName) VALUES('D2','Dizel 2')
INSERT INTO BB_Models(ModelNumber, ModelName) VALUES('H1','Hidrojen 1')
INSERT INTO BB_Models(ModelNumber, ModelName) VALUES('H2','Hidrojen 2')
GO
INSERT INTO BB_Area(AreaID,AreaName) VALUES ('F','Fossil')
INSERT INTO BB_Area(AreaID,AreaName) VALUES ('R','Renewable')
GO
INSERT INTO BB_Department(DepartmentID,DepartmentName,AreaID,DepartmentBudget) VALUES (1,'MD1','F',1000000)
INSERT INTO BB_Department(DepartmentID,DepartmentName,AreaID,DepartmentBudget) VALUES (2,'MD2','F',1000000)
INSERT INTO BB_Department(DepartmentID,DepartmentName,AreaID,DepartmentBudget) VALUES (3,'MD3','R',1000000)
GO
INSERT INTO BB_Section(SectionID,SectionName,DepartmentID,ModelNumber) VALUES (1,'MD1.1',1,'B1')
INSERT INTO BB_Section(SectionID,SectionName,DepartmentID,ModelNumber) VALUES (2,'MD1.2',1,'B2')
INSERT INTO BB_Section(SectionID,SectionName,DepartmentID,ModelNumber) VALUES (3,'MD2.1',2,'D1')
INSERT INTO BB_Section(SectionID,SectionName,DepartmentID,ModelNumber) VALUES (4,'MD2.2',2,'D2')
INSERT INTO BB_Section(SectionID,SectionName,DepartmentID,ModelNumber) VALUES (5,'MD3.1',3,'H1')
INSERT INTO BB_Section(SectionID,SectionName,DepartmentID,ModelNumber) VALUES (6,'MD3.2',3,'H2')
GO
INSERT INTO BB_Station(StationID) VALUES (1)
INSERT INTO BB_Station(StationID) VALUES (2)
INSERT INTO BB_Station(StationID) VALUES (3)
INSERT INTO BB_Station(StationID) VALUES (4)
INSERT INTO BB_Station(StationID) VALUES (5)
GO
INSERT INTO BB_Order(OrderID,OrderStatus,OrderDate) VALUES (1,'NOTSENT',GETDATE())
INSERT INTO BB_Order(OrderID,OrderStatus,OrderDate) VALUES (2,'NOTSENT',GETDATE())
GO
INSERT INTO BB_OrderDetail(OrderID,ModelNumber,OrderQuantity) VALUES (1,'B1',5)
GO
INSERT INTO BB_Injector(Injector_ID,ModelNumber,InjectorPrice,InjectorStatus,OrderID) VALUES (1,'B1',0,'GOOD',1)
INSERT INTO BB_Injector(Injector_ID,ModelNumber,InjectorPrice,InjectorStatus,OrderID) VALUES (2,'B1',0,'GOOD',1)
INSERT INTO BB_Injector(Injector_ID,ModelNumber,InjectorPrice,InjectorStatus,OrderID) VALUES (3,'B1',0,'GOOD',1)
INSERT INTO BB_Injector(Injector_ID,ModelNumber,InjectorPrice,InjectorStatus,OrderID) VALUES (4,'B1',0,'GOOD',1)
INSERT INTO BB_Injector(Injector_ID,ModelNumber,InjectorPrice,InjectorStatus,OrderID) VALUES (5,'B1',0,'GOOD',1)
GO
INSERT INTO BB_Subcomponent(SubcomponentID,StationID,SubcomponentCost) VALUES (1,1,300)
INSERT INTO BB_Subcomponent(SubcomponentID,StationID,SubcomponentCost) VALUES (2,1,350)
INSERT INTO BB_Subcomponent(SubcomponentID,StationID,SubcomponentCost) VALUES (3,1,400)
INSERT INTO BB_Subcomponent(SubcomponentID,StationID,SubcomponentCost) VALUES (4,1,430)
INSERT INTO BB_Subcomponent(SubcomponentID,StationID,SubcomponentCost) VALUES (5,1,380)
INSERT INTO BB_Subcomponent(SubcomponentID,StationID,SubcomponentCost) VALUES (6,2,600)
INSERT INTO BB_Subcomponent(SubcomponentID,StationID,SubcomponentCost) VALUES (7,2,650)
INSERT INTO BB_Subcomponent(SubcomponentID,StationID,SubcomponentCost) VALUES (8,2,200)
INSERT INTO BB_Subcomponent(SubcomponentID,StationID,SubcomponentCost) VALUES (9,2,380)
INSERT INTO BB_Subcomponent(SubcomponentID,StationID,SubcomponentCost) VALUES (10,2,600)
INSERT INTO BB_Subcomponent(SubcomponentID,StationID,SubcomponentCost) VALUES (11,3,650)
INSERT INTO BB_Subcomponent(SubcomponentID,StationID,SubcomponentCost) VALUES (12,3,200)
INSERT INTO BB_Subcomponent(SubcomponentID,StationID,SubcomponentCost) VALUES (13,3,380)
INSERT INTO BB_Subcomponent(SubcomponentID,StationID,SubcomponentCost) VALUES (14,3,600)
INSERT INTO BB_Subcomponent(SubcomponentID,StationID,SubcomponentCost) VALUES (15,3,650)
INSERT INTO BB_Subcomponent(SubcomponentID,StationID,SubcomponentCost) VALUES (16,4,200)
INSERT INTO BB_Subcomponent(SubcomponentID,StationID,SubcomponentCost) VALUES (17,4,600)
INSERT INTO BB_Subcomponent(SubcomponentID,StationID,SubcomponentCost) VALUES (18,4,650)
INSERT INTO BB_Subcomponent(SubcomponentID,StationID,SubcomponentCost) VALUES (19,4,200)
INSERT INTO BB_Subcomponent(SubcomponentID,StationID,SubcomponentCost) VALUES (20,4,380)
INSERT INTO BB_Subcomponent(SubcomponentID,StationID,SubcomponentCost) VALUES (21,5,600)
INSERT INTO BB_Subcomponent(SubcomponentID,StationID,SubcomponentCost) VALUES (22,5,650)
INSERT INTO BB_Subcomponent(SubcomponentID,StationID,SubcomponentCost) VALUES (23,5,200)
INSERT INTO BB_Subcomponent(SubcomponentID,StationID,SubcomponentCost) VALUES (24,5,380)
INSERT INTO BB_Subcomponent(SubcomponentID,StationID,SubcomponentCost) VALUES (25,5,600)
INSERT INTO BB_Subcomponent(SubcomponentID,StationID,SubcomponentCost) VALUES (26,1,650)
INSERT INTO BB_Subcomponent(SubcomponentID,StationID,SubcomponentCost) VALUES (27,2,200)
INSERT INTO BB_Subcomponent(SubcomponentID,StationID,SubcomponentCost) VALUES (28,3,380)
INSERT INTO BB_Subcomponent(SubcomponentID,StationID,SubcomponentCost) VALUES (29,4,600)
INSERT INTO BB_Subcomponent(SubcomponentID,StationID,SubcomponentCost) VALUES (30,5,650)
INSERT INTO BB_Subcomponent(SubcomponentID,StationID,SubcomponentCost) VALUES (31,1,200)
INSERT INTO BB_Subcomponent(SubcomponentID,StationID,SubcomponentCost) VALUES (35,2,200)
GO
INSERT INTO BB_StationProcess(StationID,InjectorID,SubcomponentID,ProcessTime,ProcessStatus) VALUES (1,1,1,'2023-4-1 12:43:10','SUCCESS')
INSERT INTO BB_StationProcess(StationID,InjectorID,SubcomponentID,ProcessTime,ProcessStatus) VALUES (2,1,2,'2023-4-1 12:43:30','SUCCESS')
INSERT INTO BB_StationProcess(StationID,InjectorID,SubcomponentID,ProcessTime,ProcessStatus) VALUES (3,1,3,'2023-4-1 12:43:50','SUCCESS')
INSERT INTO BB_StationProcess(StationID,InjectorID,SubcomponentID,ProcessTime,ProcessStatus) VALUES (4,1,4,'2023-4-1 12:44:10','SUCCESS')
INSERT INTO BB_StationProcess(StationID,InjectorID,SubcomponentID,ProcessTime,ProcessStatus) VALUES (5,1,5,'2023-4-1 12:44:30','SUCCESS')